INSERT INTO shop (shop_id, shop_name)
VALUES (1, 'DNS'), (2, 'М.Видео'), (3, 'Ситилинк');

INSERT INTO products (product_id, product_name, price)
VALUES (1, 'Испорченный телефон', 9000.00),
       (2, 'Сарафанное радио', 12000.00),
       (3, 'Патефон', 18000.00);

INSERT INTO plan (plan_id, shop_id, product_id, plan_cnt, plan_date)
VALUES (1, 1, 1, 22, '2023-05-31'),
       (2, 1, 2, 11, '2023-05-31'),
       (3, 1, 3, 33, '2023-05-31'),
       (4, 1, 1, 5, '2023-04-30'),
       (5, 1, 2, 8, '2023-04-30'),
       (6, 1, 3, 6, '2023-04-30'),
       (7, 2, 1, 120, '2023-05-31'),
       (8, 2, 2, 110, '2023-05-31'),
       (9, 2, 3, 130, '2023-05-31'),
       (10, 2, 1, 50, '2023-04-30'),
       (11, 2, 2, 80, '2023-04-30'),
       (12, 2, 3, 60, '2023-04-30'),
       (13, 3, 1, 65, '2023-05-31'),
       (14, 3, 2, 75, '2023-05-31'),
       (15, 3, 3, 88, '2023-05-31'),
       (16, 3, 1, 40, '2023-04-30'),
       (17, 3, 2, 50, '2023-04-30'),
       (18, 3, 3, 30, '2023-04-30');

INSERT INTO shop_dns (shop_dns_id, product_id, sales_date, sales_cnt)
VALUES (1, 1, '2023-04-01', 5), (2, 1, '2023-04-10', 7), (3, 1, '2023-04-25', 5),
       (4, 2, '2023-04-01', 0), (5, 2, '2023-04-10', 2), (6, 2, '2023-04-25', 4),
       (7, 3, '2023-04-01', 15), (8, 3, '2023-04-10', 15), (9, 3, '2023-04-25', 15),
       (10, 1, '2023-05-01', 10), (11, 1, '2023-05-10', 10), (12, 1, '2023-05-25', 0),
       (13, 2, '2023-05-01', 6), (14, 2, '2023-05-10', 6), (15, 2, '2023-05-25', 6),
       (16, 3, '2023-05-01', 7), (17, 3, '2023-05-10', 11), (18, 3, '2023-05-25', 11);

INSERT INTO shop_mvideo (shop_mvideo_id, product_id, sales_date, sales_cnt)
VALUES (1, 1, '2023-04-03', 20), (2, 1, '2023-04-13', 30), (3, 1, '2023-04-28', 20),
       (4, 2, '2023-04-03', 0), (5, 2, '2023-04-13', 50), (6, 2, '2023-04-28', 40),
       (7, 3, '2023-04-03', 60), (8, 3, '2023-04-13', 0), (9, 3, '2023-04-28', 100),
       (10, 1, '2023-05-03', 10), (11, 1, '2023-05-13', 40), (12, 1, '2023-05-28', 20),
       (13, 2, '2023-05-03', 60), (14, 2, '2023-05-13', 60), (15, 2, '2023-05-28', 60),
       (16, 3, '2023-05-03', 44), (17, 3, '2023-05-13', 33), (18, 3, '2023-05-28', 11);

INSERT INTO shop_citilink (shop_citilink_id, product_id, sales_date, sales_cnt)
VALUES (1, 1, '2023-04-01', 15), (2, 1, '2023-04-10', 10), (3, 1, '2023-04-25', 15),
       (4, 2, '2023-04-01', 0), (5, 2, '2023-04-10', 0), (6, 2, '2023-04-25', 40),
       (7, 3, '2023-04-01', 10), (8, 3, '2023-04-10', 10), (9, 3, '2023-04-25', 10),
       (10, 1, '2023-05-01', 12), (11, 1, '2023-05-10', 19), (12, 1, '2023-05-25', 25),
       (13, 2, '2023-05-01', 55), (14, 2, '2023-05-10', 0), (15, 2, '2023-05-25', 18),
       (16, 3, '2023-05-01', 23), (17, 3, '2023-05-10', 32), (18, 3, '2023-05-25', 3);